unit_id,area,neuron_type,n_same_cat_trials,n_diff_cat_trials,same_cat_diff_mean,same_cat_diff_sem,diff_cat_diff_mean,diff_cat_diff_sem,difference_pvalue,same_cat_ratio_mean,diff_cat_ratio_mean,ratio_pvalue,same_cat_correlation,diff_cat_correlation,adaptation_effect,significant_congruence_effect,is_first_cat_selective,is_first_num_selective,is_second_cat_selective,is_second_num_selective
0,AC,encoding_only,72,216,-0.013675081414069245,0.3103845150770147,-0.3916620745711324,0.1594351147000462,0.25174139082256825,55.661543932457576,37.32052620789299,0.21686145395455947,0.024826601954160005,0.015477087442368753,none,False,False,False,False,False
2,AC,encoding_only,72,216,-0.027979701417724077,0.5349727989681344,-0.07750844562352824,0.35034924337802803,0.9420761672924882,1.143389981818692,1.1927568243215785,0.6645088008250288,-0.05254533516006328,0.00681293727741386,none,False,False,True,False,False
4,AC,encoding_only,72,216,-0.7931224181243562,0.44999644798936483,-0.6879729975100062,0.25696481624490397,0.8384700222453503,1.0150733377767898,1.026081765387344,0.8728208177695052,0.09891058209729874,0.13930096685208884,none,False,False,False,False,False
5,AC,encoding_only,72,216,-0.5741429876641153,0.43965672821620183,0.32768875952062154,0.24370436516936214,0.06813070330076763,1.067871415123091,1.1256700959029602,0.43720873218738177,0.27430896684733,0.24685984204593536,none,False,False,True,False,True
6,AC,encoding_only,72,216,0.27334961014732523,0.13926659471969033,0.040943699125682534,0.06932398644296145,0.10878401980727696,43.28049460342774,28.193437630080854,0.08703659061241996,0.06203279785731737,0.11859637735116454,none,False,False,False,False,True
8,AC,encoding_only,72,216,-8.400025049022499e-06,0.07783037447725723,0.04096738882027114,0.03781456368939832,0.6062209437482324,14.551411646332355,15.030156933064458,0.9327213621092243,0.039499193979873636,0.2113948215153246,none,False,True,True,False,True
10,AC,encoding_only,72,216,-0.12325302661144466,0.682864381450037,0.35097488567524976,0.40972544951581436,0.5596053509105461,5.4603673065096086,15.032732269596556,0.5549922559990257,0.2233632959151768,0.1840232320526971,none,False,False,False,True,False
13,AC,encoding_only,72,216,-0.041363369445182124,0.349392258566386,0.20937469161978162,0.19627577972104582,0.5263760179535968,1.1771524218218856,1.6611907030792228,0.5444993358017727,0.6509714636883482,0.6848687448595624,none,False,False,False,False,True
16,AC,encoding_only,72,216,0.13653585371363175,0.3743099893785077,0.4328383133189825,0.20233573046231845,0.47227452628068756,47.70034259695735,67.238603819089,0.30829503880315123,-0.014026076039607815,0.11038303228888599,none,False,False,True,False,False
17,SMA,encoding_only,72,216,-0.21952788514818355,0.30477802227782325,-0.12724880549678488,0.17113649152869267,0.7891137296594605,24.029578490482525,11.800600825909255,0.04791394024456215,0.9342274284456347,0.9186785621035979,adaptation,True,False,False,True,False
18,SMA,encoding_only,72,216,1.5023072874151862,0.5971173221341503,1.4249077133575336,0.3194361433451844,0.905559623458923,1.1749448179057853,1.1693332132182421,0.9255557579530856,0.6886159773402438,0.643218156611121,none,False,False,True,False,True
20,SMA,encoding_only,72,216,-0.3279985833406459,0.19843382436486004,-0.19608583107287472,0.11768854101397586,0.5731212933145005,26.820793714747246,20.08506565601913,0.4558351629991306,0.19456758106809932,0.1504349191708312,none,False,False,False,False,True
28,A,encoding_only,72,216,-2.636920009299025,1.5550107443731425,-1.1612976710300298,0.8527938855166776,0.3939478161299709,1.0212119871589136,1.07964494905396,0.43777539433837165,-0.04718649387582465,-0.04039185864118301,none,False,True,False,True,False
29,A,encoding_only,72,216,0.027520530834198524,0.20401538510262712,0.04548086654780297,0.09934239832670762,0.9313995510161088,33.799409719476174,39.56576027221684,0.5720954464275588,-0.04891006077144851,0.04230809024286707,none,False,False,False,True,True
30,A,encoding_only,72,216,0.49190575190297003,0.25448040126422744,0.18672769882959017,0.13901442043595055,0.2801452384874295,35.51611608559453,44.32348386415043,0.5164809341097802,0.17281326614637646,0.024664134451675944,none,False,False,False,True,False
31,A,encoding_only,72,216,-1.1068747174560454,0.6506828891913723,-1.1110677302774459,0.3510720089915616,0.9953229061187064,1.1633220370118993,6.166632268159638,0.49234943230703,0.2132839049993056,0.1880460461965271,none,False,False,False,True,False
33,A,delay_only,72,216,-0.0545680718663912,0.12132566478548595,0.027347510163061056,0.06452214686302878,0.5349855878716904,21.347371433637097,23.631617428373975,0.7819434131832587,0.061790597213316235,0.05131630289149681,none,False,True,False,False,False
35,A,encoding_only,72,216,0.2593926245861332,0.1662920991357771,0.355265966379187,0.11273267517427146,0.6599010750693082,33.848589721302524,47.0473122720193,0.3054101974427045,0.38414390262746306,0.08308024513458899,none,False,True,False,True,False
36,H,encoding_only,72,216,-0.28691440521252365,0.23855486718638583,-0.14117608203830834,0.12101240704337002,0.5615434472383211,21.479002309098266,25.99174207528913,0.6290904342445959,0.33336293639357045,0.26009473043766446,none,False,False,False,True,False
37,H,encoding_only,72,216,0.24573502969242686,0.4680060982235968,-0.2508755190192955,0.25674064817939796,0.340647978371443,32.57141908898121,25.28230486516401,0.6340962744209904,0.5870620995024072,0.5594539483394254,none,False,False,False,True,False
39,H,encoding_only,72,216,-0.1502807697484267,0.10773103130140477,-0.1092908782143667,0.05976018954618639,0.7345105082361714,18.52247152906036,22.151253531235145,0.5663267365525875,0.16056547984801797,0.012795501239582388,none,False,False,False,False,True
40,H,encoding_only,72,216,-0.34172969500733835,0.3414644589333634,-0.43714355285910356,0.20733360841525203,0.8160169211056503,1.1899241515099876,2.935433057562472,0.5813325898489374,0.02269919729256044,0.014581860505342568,none,False,True,False,False,False
50,AC,encoding_only,72,216,-0.10935798752292968,0.13700471992438243,-0.05459307564501228,0.07435212011806103,0.7173204478921298,30.81163787655235,32.19809508564049,0.8654548982072496,-0.04137909872301457,-0.014721409287670533,none,False,False,True,False,False
51,AC,encoding_only,72,216,-0.13662106556552625,0.10533390054418391,-0.10464912683746329,0.05254508586601315,0.7703689994506013,23.932677815568447,18.538742864084938,0.3419224015906922,-0.13929693897439482,0.1581422901932166,none,False,False,False,False,True
52,AC,encoding_only,72,216,-0.16403777310528747,0.08701547444078578,-0.08645745103346655,0.06079052306259473,0.5067189237459149,13.063496149449161,22.185485017219435,0.16007931791646632,0.322889069243164,0.001710149987874064,none,False,False,False,False,True
54,SMA,encoding_only,72,216,0.13651287867927236,0.2124757325576938,-0.04087521265597655,0.13519047992369496,0.5027999617748395,22.972908345792543,24.319986246564266,0.889354250682226,0.3705100377660966,0.11114472175760765,none,False,False,True,False,False
55,SMA,encoding_only,72,216,-0.3688291100042287,0.2555346652769455,-0.35974214520123243,0.13726380098584437,0.974111545273637,21.450120051981166,20.059703213978974,0.8820238771024758,0.37465373085525105,0.4219315973752262,none,False,False,False,False,False
57,SMA,encoding_only,72,216,0.42343466840400545,0.2527716753433136,-0.03641038476378257,0.152112081411621,0.1279456321974274,38.11082488310605,33.38370345860739,0.6942496120790109,0.3474855606375004,0.7012237099842502,none,False,False,False,False,True
58,SMA,encoding_only,72,216,0.2184971690840315,0.24622982397913026,-0.3781664251951966,0.1582323164720013,0.054320234249396034,39.37213975452156,26.805152833199262,0.28441179988306214,0.30348205867092737,0.5734864166768273,none,False,False,False,True,False
62,SMA,encoding_only,72,216,0.35505752199742097,0.12500403181499717,0.10932757197543198,0.06882700277533557,0.07888851035189978,41.93530318316362,35.88562550494583,0.5265765973743888,0.12884729449538898,0.001834550559686316,none,False,False,False,False,False
64,SMA,encoding_only,72,216,0.041023102758589024,0.0739178418606353,0.08652674976553208,0.039094248192329775,0.5700711431187,18.643846871078065,18.684007797765886,0.9947213922671287,0.07178859317897598,0.1052500289875277,none,False,False,False,False,False
65,SMA,encoding_only,72,216,-0.34164122455918505,0.1606792339091408,-0.2734095454941946,0.09123663946093387,0.7098965512154236,10.38695166760779,23.504848312932122,0.13615398849760302,0.40163758561003354,0.3002925246472533,none,False,False,True,False,True
66,SMA,encoding_only,72,216,0.16364543130522577,0.32142356777383163,-0.022725820878009312,0.22348268704647126,0.6645919708876002,16.273437374049884,10.08991466120452,0.49466330364432776,0.1612204226598179,0.12490512759035749,none,False,False,True,False,False
67,A,encoding_only,72,216,0.4235404774610237,0.43583108531688086,0.5646730516878857,0.3306124080831078,0.8217165699520546,38.187110779229855,43.8887397335037,0.7257745036198491,0.6594978620579095,0.2649743910781453,none,False,True,False,False,False
68,A,delay_only,72,216,-0.20485094837077,0.2461156862449549,0.05916491184954589,0.12266991299773075,0.30239069969329974,32.34225991517191,50.92278296401688,0.17502480042681973,0.17544914716848453,0.04329081456208615,none,False,True,False,True,False
69,A,encoding_only,72,216,0.35528494008587397,0.1447073712632155,0.04094559394822279,0.13141066072721969,0.19613346497796755,50.15928798478121,46.42996511212458,0.78367665209394,0.2209228579010512,0.007596026128366279,none,False,True,True,True,True
72,A,encoding_only,72,216,-0.3006761900635291,0.14645504306211313,0.06371093742693056,0.08380762883991856,0.030896877958372572,23.90484656518421,39.05674524868504,0.1556059192516468,-0.16910015235425932,-0.11276345165782928,adaptation,True,False,False,True,False
73,A,encoding_only,72,216,-0.054590338152047266,0.1603520653664848,0.15485144764398212,0.08907043535474457,0.24533071718010488,39.01521021868757,44.59982667933213,0.6042717507323729,0.05487642074578974,0.03380093129106647,none,False,True,False,True,False
74,A,encoding_only,72,216,-0.3828603166031965,0.21366788084074084,0.1640781501307019,0.16153051335144075,0.07483335339569423,22.791200543448298,39.03117752222778,0.23811854608822713,0.29128578615576955,-0.04802415321704781,none,False,True,False,True,False
76,A,encoding_only,72,216,-0.16420659688848427,0.222779385710806,-0.3825342333783219,0.12295038675116375,0.38087222840956114,40.501312338716914,28.60194670348767,0.27807960423831224,0.14108431693612053,0.058395769378605335,none,False,True,False,False,False
77,A,encoding_only,72,216,0.34157456365423194,0.20427062481674896,0.08650752537541469,0.11916196614660603,0.28418276149289484,50.23332604745364,37.44219118613897,0.27515092769810817,0.0833181737300868,0.022534574457452383,none,False,True,False,True,True
79,A,encoding_only,72,216,0.24590869838156884,0.145317917290924,-0.14582640793444865,0.1121291417247059,0.065222976393636,36.46091705372261,30.864291079626064,0.6419607827493621,0.20317811146092452,0.10297118946207907,none,False,True,False,True,False
80,A,encoding_only,72,216,-0.1913062460172823,0.1779935909085123,-0.26414016805975743,0.1114909394201966,0.739445638245725,21.345033876006305,24.0532276394903,0.7735242096922659,0.49831326863018793,0.22676113079463459,none,False,True,False,True,False
81,A,encoding_only,72,216,0.09549848370169627,0.10140772381480812,0.06380623795622647,0.06310473998791374,0.7984718727244636,28.175231069142157,32.238592302204914,0.6111961693029946,0.11477204582344153,-0.0532407917741931,none,False,False,False,False,True
82,H,encoding_only,72,216,-0.34169163153649573,0.19176589203794114,-0.24588732947902073,0.12267961968498531,0.6896166850506174,29.448194700354254,42.177364266193344,0.33034078785024146,0.1784055050499738,-0.034300085420798834,none,False,True,True,True,True
84,H,encoding_only,72,216,0.32783391290223873,0.17941221549307643,-0.15486078012301352,0.11428025793235581,0.03158158812179784,52.884339346252524,34.57059896764427,0.11726431712442376,0.13396717419276102,0.045516682906995766,facilitation,True,False,True,True,False
85,H,encoding_only,72,216,-0.20494696339626695,0.2334583944671271,0.09102657183810176,0.19843452217307264,0.4236451560995558,26.896542545105913,54.783466657887004,0.0612127031996607,0.10060207893688879,-0.03393597909436605,none,False,True,False,True,True
86,H,encoding_only,72,216,0.7103832713349707,0.6752426632582282,0.7421280064504195,0.32698328761560574,0.9631945968429307,47.89069894454386,6.576221823925347,0.014069748676618005,-0.15493435477695108,0.09906128889723531,less_facilitation,True,True,False,True,False
87,H,encoding_only,72,216,0.1640592205122356,0.2827700791841552,0.18666272806426032,0.20855361661395852,0.954585066683661,43.43801671238751,43.2098259226323,0.9889930077069561,0.16577347378352447,-0.05359329498445174,none,False,True,False,True,False
88,H,delay_only,72,216,0.15046859281118194,0.29226927632929695,0.04552440341952856,0.140388916245676,0.7230788959756977,32.61850468801316,27.084102915130305,0.6770765002539105,0.1520148301492273,0.2347021158187351,none,False,True,True,True,False
89,OFC,encoding_only,72,216,-0.5602013294519421,0.5148632981838549,-0.6875735801521932,0.2598898576857731,0.8134613652006024,9.400301348907297,20.705220799402262,0.36687921024392256,0.2958833152386362,0.07180330667017572,none,False,True,False,False,False
90,OFC,delay_only,72,216,-0.4233503906797372,0.3177319409056785,-0.25508453412333004,0.18337934065819703,0.6467603781103606,26.879481863796606,24.86836005793813,0.8805592276162362,0.045602824111396906,0.1993985104219024,none,False,True,True,False,False
91,OFC,delay_only,72,216,-0.02775760644011756,0.2791688303869811,-0.09120283112821699,0.16578333297870512,0.8473584933333413,14.871393005057374,27.585400268189485,0.16143388713904067,0.5600374623189425,0.31380689171271303,none,False,True,False,False,False
94,OFC,distractor_resistant,72,216,-0.4511495680271493,0.32957100584342164,-0.07277599206753449,0.20029530450196611,0.3397862068740558,3.9270761264693252,44.85995874536847,0.007199622762177594,0.1852267633235271,0.06634727212513022,adaptation,True,True,False,False,False
95,OFC,delay_only,72,216,-0.17775574757001353,0.2432230698208171,0.08196740668930085,0.13939329853678986,0.35320358475235936,48.612894503122874,46.97241894559726,0.9140465884928686,0.024156848395731838,0.062378696083663476,none,False,True,False,True,False
98,OFC,encoding_only,72,216,0.0819617603245271,0.16827746973079946,-0.05929021035011274,0.05168781535505377,0.2852415145837384,36.34921342493101,15.863574489663499,0.03001369184978414,-0.09758158576624335,0.08409096864713335,facilitation,True,True,False,False,False
99,OFC,encoding_only,72,216,-0.300645309369595,0.3563948013230338,0.11380896066456957,0.22997020775138102,0.35612242251022763,20.25914675823819,27.271517035412373,0.6845756953319635,0.12934204437179947,0.09906898360226528,none,False,False,False,True,False
102,OFC,encoding_only,72,216,6.920062084783376e-05,0.13481514812407835,0.054721263760995786,0.08725640477664862,0.7481227379303429,24.091450351538104,35.90660275693344,0.29791924013328713,0.07689602796581853,0.044185840396519266,none,False,True,False,False,False
103,OFC,encoding_only,72,216,-0.13666817774212914,0.12949806446212062,-0.136641345569929,0.07415459139522661,0.9998560678449007,22.653550769987007,28.055045095816677,0.5161616683810615,0.051006552924725605,-0.015492797006781824,none,False,False,False,False,False
104,OFC,encoding_only,72,216,0.013278670563823487,0.28292928203648143,0.17761709859630018,0.16896709219037728,0.6242983167967102,50.21180619311648,55.67440080051662,0.7652555521910737,0.16695869253118123,0.09616445747032538,none,False,False,True,False,False
105,OFC,encoding_only,72,216,0.6692357374449132,0.32829829226099116,0.46914008368226173,0.20249525392320736,0.6161598040618033,31.66099861913577,63.66535232841003,0.12994333727089136,0.11675211377291482,-0.0778709162758631,none,False,False,False,False,False
107,PT,encoding_only,72,216,-0.24590430308017475,0.1843397403325829,-0.11382435809267569,0.11493839358629922,0.5589980149079579,29.533613215770604,30.986038078945583,0.8821452059197303,-0.1026857273396176,0.08591502447900101,none,False,True,True,True,True
112,OFC,encoding_only,72,216,-0.1229095764891042,0.18031832485535104,0.23225096002999357,0.11824852147725168,0.12332739821208281,29.566463391991533,50.63499660487149,0.09273098456152369,0.3551783504158774,0.03447463913959686,none,False,True,False,True,False
116,OFC,encoding_only,72,216,-0.2052177263008888,0.26248889720277413,0.1868262020296434,0.17015842386815788,0.2378888837174137,29.784142150120072,39.487032375418934,0.47820112167854834,0.3868014430025666,0.044094319594918774,none,False,False,True,False,False
117,OFC,encoding_only,72,216,0.5874491491125202,0.1800225415848847,0.2550687434861888,0.09975916859231099,0.10034563833042566,43.54103483567091,45.145208890811645,0.8998719273908199,0.483299237459429,0.2887271218979261,none,False,False,False,False,False
118,OFC,encoding_only,72,216,-0.08193093907120665,0.19336772616807768,0.1912965096453202,0.13570892296593473,0.294758827738328,36.372547196580044,56.04442003203963,0.18524538018132258,0.23231708932221076,0.01917556066692104,none,False,False,False,True,False
119,OFC,encoding_only,72,216,-0.1501529786571457,0.24192984552478924,0.2005237883174001,0.14325107242928867,0.2191300763628265,43.251521459161715,46.56148055730317,0.8174121895223365,0.04124637265754839,0.13865533982411676,none,False,False,True,False,False
121,AC,encoding_only,72,216,0.19117798185095655,0.12250401079212851,-0.04088509886279422,0.14684561567486806,0.38051046026745394,32.36604612586225,41.792260801057225,0.5638772299974826,0.2273239296063957,0.02927084007988344,none,False,False,True,False,False
122,AC,encoding_only,72,216,-0.09567106803127606,0.13914782989084193,-0.041008205576934,0.0674967283342556,0.7001657265353449,36.18370379523802,31.707383222811867,0.6026447828249284,-0.1524081730745022,-0.06271569150512796,none,False,False,False,True,False
123,AC,encoding_only,72,216,-0.1094727386956708,0.294810479440635,0.06385663884581189,0.13175538941348938,0.5429175341119423,39.32064377767837,31.169193029573723,0.5596327064152665,-0.05472031328528744,0.10399971143897889,none,False,True,False,False,False
125,AC,encoding_only,72,216,0.06822449355885844,0.15112913063282138,0.2732327474653297,0.09526100363776803,0.273036561598005,39.07160113890131,52.77567979481657,0.28703244028832664,0.262452603583471,0.01797008758870624,none,False,True,False,True,False
126,AC,encoding_only,72,216,-0.00015065001042857684,0.18659378716374608,-0.06832572093557811,0.10023352656830076,0.7388397447606199,43.221507406710174,38.13452664799253,0.6332806510055082,-0.039707684475391136,-0.08374885161920978,none,False,False,False,True,False
128,AC,delay_only,72,216,1.4065646228273208,0.5965242843124027,0.5694428629573325,0.33325388352668917,0.21396442957205392,38.987581307409954,45.819978202494184,0.7849637884439256,0.051314127471059894,0.06206158782112778,none,False,True,False,True,False
130,AC,encoding_only,72,216,0.05409326475014911,0.4721707426975969,-0.232287083850748,0.24142572680629645,0.5665283634678024,1.4016145225603291,3.056451198090998,0.4588713422675793,-0.07359063057150553,0.13673264984222225,none,False,True,False,True,False
132,AC,encoding_only,72,216,0.16396734934250348,0.11179573491949173,-0.027383389273859766,0.06356742588900853,0.13488800508158552,29.607772746718386,25.84195122796161,0.6279250355577602,0.08767058184488465,0.03964073812057358,none,False,False,False,True,False
133,AC,encoding_only,72,216,0.7650905902641925,0.7284768215271886,-0.32807430436276674,0.37751944848353075,0.16070925159806854,5.498469528111289,20.543329469485165,0.34630262841978543,0.20918472894283063,0.20225054000662013,none,False,True,False,True,False
134,AC,encoding_only,72,216,-0.42398400274629355,0.4661069733159089,-0.8926630458779101,0.2585758569979138,0.370440011149346,8.217999407691279,12.603510879862084,0.5273528231971636,0.16948140891547783,0.10609729498052335,none,False,False,False,True,False
135,AC,encoding_only,72,216,0.06818629615559549,0.20979470246349372,0.068270647748173,0.11311942589036525,0.9997080377608214,62.26479647827102,47.7598176851193,0.26671341502362556,0.04786747764019922,-0.012706503018782548,none,False,True,False,True,False
136,AC,encoding_only,72,216,0.054667951750398354,0.18552721075461545,0.03182021474177387,0.11338040375122388,0.9187260811310971,35.1404492923576,47.27075604555098,0.3644336124329576,0.17158477799824393,0.03589469577544939,none,False,True,False,False,False
137,AC,encoding_only,72,216,-0.2599339076633278,0.3381982683772281,-0.05930129373799761,0.1845485694344943,0.5925871501842235,8.121100874395886,35.36234390978288,0.028815047027190913,0.0931160769301775,0.11568763266839602,adaptation,True,True,False,True,True
138,AC,encoding_only,72,216,0.05466451229150033,0.1954299460683535,0.0410862013906215,0.10193119131729862,0.9483648320730151,41.89006070594007,42.751938209423805,0.9402576301818035,-0.06696675973507667,0.08696962792161901,none,False,True,False,True,True
139,AC,encoding_only,72,216,0.24605550288992706,0.3141870006276338,0.02259802848627989,0.2127793936133743,0.5869609186281498,27.385997457241338,40.00390855858348,0.4452892546881959,0.13640856575577098,-0.04658974229422933,none,False,True,False,False,True
140,AC,delay_only,72,216,0.2596997282033883,0.21138668978098998,0.20489397041743473,0.1329018375986415,0.8335670521448768,44.69377830868234,55.578144861438034,0.5170630082806371,0.2395642939326603,0.1685350921034028,none,False,True,False,True,False
141,AC,encoding_only,72,216,1.0374427315271875,0.6768753534894333,-0.268593679851288,0.41739783495923094,0.11315859541848307,21.90867769174732,11.968823230882705,0.5366734529547099,0.11967401979863408,-0.01223106845390433,none,False,True,False,True,False
143,AC,delay_only,72,216,0.2731689942975181,0.20696726519397923,0.2595625385419105,0.10724921150502148,0.9509125935204745,52.79837537980705,49.66720526501752,0.8297944234208453,0.0034146026489290313,0.08862837626691196,none,False,True,False,True,False
144,AC,encoding_only,72,216,0.6279587811858305,0.5453261118460165,0.10948831282732883,0.2676611787730779,0.35551035777313844,1.850570457113361,7.3906609088064545,0.45632842835215404,-0.052537806139946096,0.10802809775388299,none,False,False,True,False,False
145,AC,encoding_only,72,216,0.2595462679565786,0.2326745866804161,0.0955555809329318,0.10928013428016556,0.4802539581426116,73.24533905974138,47.74282830937227,0.09342836116631799,-0.001133223410864814,-0.07055679627618151,none,False,False,False,True,False
146,AC,encoding_only,72,216,0.30036777749154286,0.24119132163878756,-0.022667688164291207,0.13287482463201833,0.2307453027895726,61.16219663439923,44.17501316892748,0.20901653721130112,0.20361249802262113,0.07512955084544243,none,False,True,False,True,False
147,AC,encoding_only,72,216,0.6690686693773801,0.5614336341999607,0.5284572581455017,0.2862376505359257,0.8124868658246049,16.763855133015,6.533693779211022,0.28151501781495014,0.03586980182123766,0.11308823092094569,none,False,True,False,True,False
148,SMA,encoding_only,72,216,-0.2050542722404571,0.25440222831273995,-0.6512511411407466,0.15522577728903536,0.14640866118789658,44.574248357895804,29.475924849878304,0.25258023444415295,0.03479468910399529,0.019999971917055756,none,False,False,False,True,False
149,SMA,encoding_only,72,216,0.3278391093241652,0.21138686344384733,0.20029921200095366,0.12378007187581025,0.6055712354536202,46.20144412935052,45.66708984564525,0.967341507677496,0.22489081123289004,0.15484010663995632,none,False,False,False,False,False
150,SMA,encoding_only,72,216,2.772810288336768,0.6500212563937524,0.9699198120469542,0.3128799798470649,0.00660850133561354,33.35028112489934,11.982896059140536,0.06329537516525074,0.44582006894034376,0.5682096532926476,facilitation,True,False,False,False,True
151,SMA,encoding_only,72,216,-0.00015349158633523905,0.2765289797654979,-0.4235647400519698,0.15739485794829258,0.1812248649716536,54.077638197717256,43.64831219251763,0.5027453964720584,-0.07580934005246409,0.005594540548718975,none,False,False,False,False,False
154,SMA,encoding_only,72,216,-0.36930660075380456,0.28951653658876914,-0.573884707759384,0.1883442393132321,0.5772775247216501,35.03742201524914,40.984428260563284,0.6630535260338561,0.066578414778283,0.05405728243502507,none,False,False,False,True,False
155,SMA,encoding_only,72,216,-0.06851987738166167,0.29910594096420845,0.009215543585651468,0.1516640536005175,0.8048266644125777,40.75468215727085,31.168628067322196,0.4885528746634942,0.02055587904904389,0.23379874687114588,none,False,False,False,False,True
157,SMA,encoding_only,72,216,-0.23247176702260283,0.2699423571030427,-0.44169952660556966,0.15991958292211503,0.5108859265848853,33.63918000911814,31.420804968955206,0.8573275329942062,0.10679155742435964,0.048465334727286064,none,False,False,False,False,False
159,SMA,encoding_only,72,216,-0.054827041283210635,0.2048899371706371,-0.30966638488899423,0.11838024645726614,0.28258612791269583,47.19609009672757,33.11660554961686,0.27292357350878416,-0.049841257213234534,0.11156158982373592,none,False,False,False,False,False
161,SMA,encoding_only,72,216,-0.21863873565502862,0.10335616947496308,-0.09112269208418573,0.09597649758226243,0.471182126156402,15.776904149414882,23.182004994660087,0.40043643913324933,0.2920930665050768,0.16484544654949723,none,False,False,False,False,True
164,SMA,encoding_only,72,216,-0.3827668176079041,0.3241297249813239,-0.45544790320071205,0.1678231431302338,0.8335983279781587,40.57485129767036,37.79260257253469,0.8524015299183787,-0.17928998858307763,-0.025355119273412254,none,False,False,False,False,False
166,SMA,encoding_only,72,216,-0.3416714389270133,0.22539536406567673,-0.2002768387701142,0.11772152560835025,0.5592405750463538,14.722385769642889,25.96747145527468,0.21316617334336538,0.11740479505603214,0.2584679281051361,none,False,True,False,False,False
168,SMA,encoding_only,72,216,-0.5606586028738748,0.37113946820177074,-0.5191357741020798,0.20423275086638965,0.9200913021622165,7.907167909068564,19.788614988154173,0.2611516149163338,0.25437618048673893,0.16872175158113595,none,False,False,False,False,False
170,SMA,encoding_only,72,216,-1.2168068416497992,0.5579002436822361,-0.724502347020194,0.2710526635712616,0.38778536177115097,30.863970380769754,19.24686206919957,0.3317693956586253,0.34748753125426524,0.5556104621171211,none,False,False,False,False,True
171,SMA,encoding_only,72,216,-0.36898565885753093,0.2816074549298279,-0.4963941542338772,0.16956653463679833,0.7045933630040405,22.754821146761856,38.247722599518816,0.2590989874800486,0.13280309765613146,0.05249546621096207,none,False,False,False,True,False
173,AC,encoding_only,72,216,-0.136658850506569,0.056055123846767405,-0.04097987812817969,0.039962169218619774,0.21167100740226202,4.93059258341538,11.812935951994106,0.10321608597627549,0.1870187159543484,0.04907928847414608,none,False,False,False,True,False
174,AC,encoding_only,72,216,-0.09574073369435299,0.09563437828426499,-0.004607458858689916,0.058986047488347355,0.433308707700931,17.216400465156912,24.05076665956228,0.3326489440590972,0.18235328123302053,0.1323772309296563,none,False,False,False,True,False
175,AC,encoding_only,72,216,-0.23251906001305547,0.302800865085969,0.14582982976707967,0.1982110284637912,0.32699955134069025,16.084830502289037,28.133103244615608,0.33645124647261115,0.5933110968783708,0.474792897609779,none,False,False,True,False,False
176,AC,encoding_only,72,216,-0.054839851835096515,0.14542910313007765,-0.06830237891570587,0.07188309767020559,0.9286090482288145,17.342934882560186,16.402046235202512,0.8892714754159838,0.4631973190665897,0.46517083921042757,none,False,False,True,False,False
178,AC,encoding_only,72,216,-1.134255131248679,0.5038659571039692,-1.739643483797153,0.267388558768901,0.2691882166752212,17.68178407484245,19.157541327538958,0.8968874851635726,0.008116685017216166,0.32830174585220373,none,False,False,False,False,True
183,AC,encoding_only,72,216,0.05420334708014477,0.1864863879920499,-0.2596076217100485,0.09917629789683662,0.12269372088740847,37.742479664881124,27.194102112794777,0.22796098156686617,0.15173953811485164,0.024213131147727506,none,False,False,True,False,False
187,AC,encoding_only,72,216,-0.05484176052618023,0.15055609243711532,-0.3689772440307327,0.08693891798049892,0.07185629098960862,26.848774604521864,23.932783265532695,0.6969285282938659,0.15459153937542494,0.09763103000933707,none,False,False,False,False,False
188,AC,encoding_only,72,216,0.559930860392273,0.4575389797276959,0.30983900553412014,0.2809652256977867,0.6518914852590103,41.22365391406264,65.99617846129367,0.3945491390560001,0.02787394777268094,0.07934912325815914,none,False,True,True,False,True
189,AC,encoding_only,72,216,-0.013728847634235042,0.15256226194627573,-0.22783810414790673,0.11855419967459893,0.3389550833714089,28.22220805120421,30.88266234488095,0.793432054032888,0.1935548841539011,0.09315107217935317,none,False,True,False,False,False
190,AC,encoding_only,72,216,-0.1370451322978075,0.5064565597597167,0.04562489467115854,0.28733541907273896,0.7518734236216706,1.4182707618062753,14.099087708361072,0.1515287425802742,0.12403900506255258,0.26721102320558116,none,False,True,True,False,True
192,AC,encoding_only,72,216,-1.817870525470911,0.5806812600987146,-1.0112465989074477,0.3194722270843803,0.21346965538437168,3.5904190797658697,10.599731271162637,0.4175760876897908,0.04516873334683199,0.2014175326375525,none,False,False,True,False,False
195,SMA,encoding_only,72,216,0.027170376474179882,0.14290528242265152,-0.054710407131005605,0.07683289062011142,0.6013783613307608,34.9529540415638,30.834828364433815,0.6758072624699507,-0.1377625334425704,-0.0680748468709606,none,False,False,False,True,False
196,SMA,encoding_only,72,216,0.7924015394966205,0.2534082594803793,0.2414508068643089,0.1716514560074499,0.0975521244280793,64.12809842685809,43.085464330974204,0.23500738507042954,0.2854635623734836,0.07956008849054182,none,False,False,False,False,False
197,SMA,encoding_only,72,216,0.2867523501323168,0.22051470336815998,0.04561854225606128,0.12364332774467228,0.33390927714520435,50.22812417891543,40.15445482070785,0.46885227723428446,0.13842654375269042,0.1327934608956365,none,False,False,False,False,True
198,SMA,encoding_only,72,216,0.013538685576295808,0.2991962584331343,-0.2320989887043277,0.17183955740650025,0.4759340266584299,16.250336916386967,17.56192464440019,0.8868032381284328,0.057463870852590734,0.17396733707104153,none,False,False,True,False,True
202,SMA,encoding_only,72,216,-0.09578474593135651,0.14053046911336567,-0.17310157942108775,0.062486093984962375,0.5678454620580446,32.153541283357605,17.161952065219634,0.02230196662500946,-0.1286128154393992,0.23749213140856612,less_adaptation,True,False,False,False,False
203,SMA,encoding_only,72,216,-0.11001404419273844,0.5702890174844921,-0.2910702252724397,0.3709524070897478,0.8021990627135099,1.107964877168817,1.193002246286203,0.4642166516844154,0.20099450091972765,0.1618423133755511,none,False,False,True,False,False
204,SMA,encoding_only,72,216,-0.7380376600603622,0.33850827964956615,-0.5555964894428761,0.1735432181758994,0.6111706292814016,22.80717679672297,15.591633545376466,0.4205215114677803,-0.029340374823520643,0.11846875129991291,none,False,True,True,False,False
205,SMA,encoding_only,72,216,0.013235755529949452,0.4763446677460023,-0.8926950317384725,0.22909234390825586,0.06152125619553213,37.022733977618955,27.42625627308801,0.5260314992829651,-0.014945346594581004,0.1611864684206221,none,False,False,False,False,False
206,SMA,encoding_only,72,216,0.5465542490176527,0.30949860328268924,0.5238615569691363,0.1782616236639453,0.949323564109276,85.74021235211802,65.34172311944266,0.39531255970909407,0.022978022073645146,0.0961569289986376,none,False,False,False,False,False
207,SMA,encoding_only,72,216,-0.05458076032176265,0.15545526949427582,0.11839268411370069,0.0783899056656097,0.2886657885749758,26.809770960635053,37.25491254837089,0.34515011055659783,0.06254020367835525,-0.10675971355067211,none,False,False,True,True,True
208,SMA,encoding_only,72,216,-0.35546785801138875,0.4481556651106154,-0.5010443427591241,0.25354848687807746,0.7753801479664424,16.092100754276316,10.62779473275363,0.5295010874421631,0.5092089864097032,0.5609539092325835,none,False,True,False,False,False
209,SMA,encoding_only,72,216,1.3116674804050348,0.4984251412567604,0.7060283371182955,0.27092324725895556,0.272100950126445,84.9661248110728,59.29066033317236,0.4049425478656973,0.17829296642807788,0.14635665351784904,none,False,False,False,False,False
211,SMA,encoding_only,72,216,1.8165346388885841,0.8965743197096354,0.6697771704222363,0.4617045668084993,0.2295609298946953,9.211564530858737,23.640121361351294,0.3977249657511358,-0.11874482771079319,0.13093772263014836,none,False,False,False,False,False
214,SMA,encoding_only,72,216,-0.6014166218671065,0.5433911484584959,-1.1161619147684245,0.3304890747660336,0.43105777426527137,3.932056251477875,8.425776606479108,0.5798569068689488,0.30824730350571117,0.28722499266312584,none,False,True,False,False,False
218,SMA,encoding_only,72,216,0.13569304739473922,0.47700807145460716,-0.8836831911717367,0.3573198302222546,0.13362545091979117,1.333373770733714,3.958156351467876,0.4569899310406157,0.2700289239726882,0.1050502411373497,none,False,False,False,True,False
219,A,encoding_only,72,216,1.7620131341083685,0.4094933079453947,1.348130338718887,0.2681066162004049,0.4277986150457087,18.09534320569385,20.341587262579214,0.8641753414432458,0.5114560592674591,0.301300910605508,none,False,True,True,False,True
221,A,encoding_only,72,216,0.08195471091841282,0.07472479747324168,-0.00911541036256681,0.03593132031684874,0.22995447387472162,15.973514807153698,10.025260127622584,0.30510428840497233,-0.06414967010762003,0.09138195036731979,none,False,True,False,False,False
223,A,encoding_only,72,216,-0.041022450298102336,0.1573733166080464,0.10465666412553594,0.08019073726115489,0.38071868387530095,26.867831468339713,27.81703911976571,0.9153200163010837,0.0705462911218785,0.25627717066948313,none,False,False,False,True,False
224,A,encoding_only,72,216,0.13651368704523337,0.42469479389151177,0.07758981644224405,0.24511395889844617,0.9044196391990502,23.206817645347815,13.781135082354579,0.40266727018821646,0.29873121554410104,0.021434762145939628,none,False,False,True,False,False
227,A,encoding_only,72,216,-0.027372681838551047,0.06733227642836738,0.027350298202894564,0.032867137071759346,0.4277998496659555,13.157697012977357,13.20628710873256,0.9917968471824526,-0.13004446237898828,-0.07729353325043682,none,False,False,False,False,True
228,A,encoding_only,72,216,0.19126735476581297,0.10772311579772988,0.036456886016290026,0.07242492363217412,0.2699156925649519,32.310514409702364,30.895583321401855,0.8734896896840006,0.11144645393352347,0.06501877423859839,none,False,True,False,False,False
229,A,encoding_only,72,216,0.08200930140249416,0.09874641743272143,0.013618295550329661,0.06472524731192912,0.5870983100830977,24.138412884044172,23.65282903387281,0.9545436811728143,0.07604640402669603,-0.033994570324345365,none,False,True,False,False,False
230,A,delay_only,72,216,0.08194000139408003,0.08646668883526085,0.04556536660953757,0.07211591976807315,0.7871460555362695,20.063310268940842,30.90063839655877,0.2073070074409398,0.17411639401376977,0.001725791645288061,none,False,True,False,True,False
231,A,encoding_only,72,216,0.2728562428992526,0.35299856729986484,0.31878829118844315,0.18312516545877974,0.9030996346469934,35.60911659770539,34.04693663716759,0.9191814147515575,0.21579721204100105,0.13553227396657616,none,False,True,False,False,False
234,A,encoding_only,72,216,-0.23235963392128228,0.19700111343432827,-0.18664906067601214,0.11043671684315831,0.8373963491274791,45.76809155282921,32.6806340323789,0.22353083622582592,-0.09705676580814591,0.034149660428893815,none,False,False,False,False,False
236,A,encoding_only,72,216,-0.0411152596147611,0.14618009413632235,0.29601763009181514,0.07122472542932902,0.024811936878468346,37.646613689078805,46.0056554254854,0.41139358649380586,-0.007144797694082423,0.1848958824836829,adaptation,True,False,False,False,False
237,A,encoding_only,72,216,-0.15035134433834355,0.14775951834380532,0.28684229857529986,0.09227727455284244,0.01645797244225931,17.260755392630056,50.11607269170072,0.0033022411519872345,0.14259021399646657,0.03936386757246851,adaptation,True,False,False,False,False
238,A,encoding_only,72,216,0.09551092236527454,0.2032398646670671,0.17298515999381547,0.12123683713399104,0.7476469064536417,31.00523599865532,45.15313976941274,0.29035214072619275,0.1867588388485336,0.05247838598700731,none,False,False,False,True,False
239,A,encoding_only,72,216,0.21853342872859602,0.15594217066329424,0.3005526889338502,0.10286977457810484,0.6815524560354698,47.35736637459431,48.37268479621304,0.9329345847112245,0.013621211674310643,0.09505896683913566,none,False,False,False,False,False
240,A,delay_only,72,216,0.7371977972366762,0.3560284337622995,0.20476636753782404,0.2113806993553082,0.2058287530660768,24.962299481089833,20.977382069366293,0.7240521104792602,0.30083015418397335,0.11049733545895565,none,False,True,False,True,False
242,A,encoding_only,72,216,-0.01384214972551111,0.22226775821359132,-0.022820298959620584,0.12935180183061376,0.9722853145830559,3.960025496210669,2.1844572260165047,0.35765647176963467,0.4195963367471025,0.2206200208340401,none,False,True,False,False,False
243,H,encoding_only,72,216,0.10918073353418362,0.1476538680815942,-0.0455229851652413,0.10143600874319676,0.4290241731379464,40.465784367316914,32.691281743250315,0.5055884869966973,0.2938896950871397,0.007895649797821322,none,False,True,False,True,False
244,H,encoding_only,72,216,-0.12308908762966923,0.1402739474268627,-0.09117331385132366,0.10727321078612795,0.8750422787768544,19.98247192315985,29.96142109550101,0.3988404243162593,0.10533910965305048,-0.040505543555250455,none,False,True,False,False,False
245,H,encoding_only,72,216,-0.09578155653150995,0.14714732691393922,-0.009154649253567189,0.09556083934711772,0.6419053927491198,22.725894396216272,28.215847739516878,0.5583089223886851,0.32336259002329004,0.031616177601457914,none,False,True,False,True,True
247,H,encoding_only,72,216,-0.19146883116601343,0.257118411392237,-0.30971092520590177,0.13061894146382083,0.6623846998921785,56.78482326274059,31.32800494131366,0.06010168250620675,-0.14269573869291308,0.2619949726165188,none,False,False,False,True,False
250,H,encoding_only,72,216,-0.06842491202050982,0.17873937977282184,-0.018293969062935907,0.09726207488101615,0.7998473696123499,37.65399302937183,37.22428614739581,0.9710736040446619,0.21615296246589447,-0.09189986005151374,none,False,True,False,True,False
253,H,delay_only,72,216,0.2726213622983192,0.4854267851730166,0.3730802213717232,0.28929856845213353,0.861230392304803,46.57038474891843,40.73340968790663,0.7882247143914494,0.26048633615223743,0.1954310379347935,none,False,True,False,False,False
254,H,encoding_only,72,216,0.23219809560328983,0.42431948882670334,0.5144551275074054,0.2185549074956152,0.5317406953786998,39.74065871239816,65.47482425501177,0.24634962920731596,-0.11055446582700457,0.09746444182772548,none,False,False,False,False,False
257,OFC,encoding_only,72,216,0.5055027405799974,0.32259159517119135,0.5327768813266653,0.19269917954802399,0.9431657566485858,35.47605485229687,46.53152771669699,0.4934600664792338,0.16968006936836,0.19449998417368378,none,False,False,True,False,False
258,OFC,encoding_only,72,216,0.7917451090883342,0.3752229918637082,1.1295409126304992,0.19213644467573954,0.39555426020619877,50.699480929153566,40.445812760935276,0.5445498131924319,0.1609463415790542,0.2266646896976936,none,False,False,False,False,False
260,OFC,encoding_only,72,216,0.16327865486554818,0.4183032861096825,0.7380569350683872,0.2577306431175711,0.2584379142756309,6.790695872302205,5.081306292754242,0.772086032254194,0.24492271070638774,0.13525820386884566,none,False,False,False,False,False
261,OFC,encoding_only,72,216,1.2978094157752476,0.43331935008292305,0.5052881482633612,0.2627746721799537,0.12816111617583753,72.72651948011055,35.184085359596885,0.05055430582779559,0.1776801176778822,0.21061918366239385,none,False,False,False,False,False
262,OFC,encoding_only,72,216,0.4507609307166699,0.17287852837753487,0.35519775053132097,0.09681494516458052,0.6247011515790517,59.764481463745874,40.6945108100017,0.10318502336274661,0.11077388735230799,0.14356107133924073,none,False,False,False,False,False
263,OFC,encoding_only,72,216,0.06786543030142936,0.15112526163933898,0.1275369434879002,0.09922439391138232,0.7571452905852454,39.09030266097878,37.382421464331486,0.876887825008134,0.22987363582591475,0.11806898740425328,none,False,False,True,True,False
264,OFC,encoding_only,72,216,0.13664459442448504,0.08550857149980495,0.15488013648469373,0.06101731191066617,0.8759233133557116,25.506397546220537,31.40548865672984,0.47778030804041294,0.11283861339147402,0.07732179334400228,none,False,False,False,False,False
265,OFC,delay_only,72,216,-1.5447967185905809,0.6996577648065477,0.4049099572716961,0.48914156609277,0.03872721968444669,7.835423319242242,7.82049729986312,0.998448272984497,0.46602615562799155,0.33584024613124297,adaptation,True,True,False,True,False
266,OFC,encoding_only,72,216,0.24550113274622495,0.21120323118130555,0.29601397100892785,0.12923110679224709,0.843066619889936,35.28363656965336,50.65871648890593,0.2904370594311649,0.24687680018291797,0.14981380981212808,none,False,False,False,True,True
267,OFC,encoding_only,72,216,-0.00013758402680927008,0.1906376723249901,0.02720498501684705,0.1368023251027468,0.9167510061375607,41.85014757994385,45.991630531085825,0.7311511031848801,-0.010976621660206465,0.0818875930981862,none,False,False,False,False,True
268,OFC,encoding_only,72,216,0.34159823547624907,0.14321986599806744,0.21865159098277254,0.08483708117050195,0.4665091841705953,47.4520179935053,43.712488111479345,0.7430663950557044,0.0060578565849339315,0.20377102356501545,none,False,False,False,False,True
269,OFC,encoding_only,72,216,-0.000243266625318909,0.2068057840930527,0.013669580450038172,0.11080241976700092,0.9509542115100619,22.985803077967574,38.273278634047294,0.1482132668187796,0.0450730737318571,0.06281361490413095,none,False,False,False,False,True
270,OFC,encoding_only,72,216,-0.5332965334106898,0.36616387454976707,-1.0292475498030766,0.2095196828393049,0.2386250705395251,3.8440838346304975,3.7213544257868767,0.9707126199807663,0.2580161447812422,0.33869374658138357,none,False,False,False,False,False
272,OFC,encoding_only,72,216,0.17744227179732164,0.1523570227361143,0.24142706281506257,0.08851511925341332,0.7176245022792478,44.59046692747082,41.93775740623722,0.81026557864718,0.1326351424215109,0.08628925851869448,none,False,False,False,False,False
274,OFC,encoding_only,72,216,0.31426680924606704,0.12881198892984502,0.2551145147451726,0.0768652240071391,0.6984029424613689,47.36278879458596,41.451602576570785,0.5608762427927297,0.13743310305715248,0.11555778092044991,none,False,False,False,False,True
277,OFC,encoding_only,72,216,0.16385691274060696,0.11174031230918187,-0.013676534134432816,0.06877236775278098,0.19111105202912745,29.607108877222572,25.873768551309443,0.6619692203395822,0.2947848071165363,0.06270393099667705,none,False,False,False,False,True
278,OFC,encoding_only,72,216,2.0075614387778566,0.6010167731750563,1.043151520716876,0.30566709793934027,0.1286425913885655,1.647646358676976,13.288049597098187,0.3119327778493842,0.18539830513291047,0.2492209670091726,none,False,False,True,False,True
279,PT,delay_only,72,216,0.10915478577574197,0.17021495192172179,-0.05911317629840691,0.13340641878720083,0.5035066257428173,36.418215153342665,39.5538664687619,0.8025744962372583,0.2583357703436739,0.006947923369418949,none,False,True,False,True,False
280,PT,encoding_only,72,216,0.45062066515169225,0.29761884369425645,0.25488595701143457,0.1865340535221158,0.5931957348286385,46.32264416819353,60.32324285102467,0.47710404485595237,0.200604641845273,-0.06921244697033051,none,False,True,False,True,False
281,PT,delay_only,72,216,-0.20592797052038309,0.5913212929157464,-0.6191145340666301,0.3283998368812176,0.5338600809025955,17.974502845944198,27.735366477512443,0.545894680414539,0.1068894024233039,0.01953658307190223,none,False,True,True,True,True
282,PT,delay_only,72,216,-0.7530359439727714,0.7057820474781592,-0.6737479692280985,0.4462179628231048,0.9277670084922403,4.117841831342009,13.404570339494382,0.46851641335649696,0.1453456830109412,-0.04704336946537967,none,False,True,False,True,True
283,PT,encoding_only,72,216,-0.05542207523075225,0.3841429882579127,-0.2503212376956712,0.2737580066513283,0.7100191850943169,39.355739569417025,30.4447776572126,0.6589835803365904,0.2491400605378187,-0.02550667581364762,none,False,True,False,True,False
284,PT,encoding_only,72,216,0.02729372447425708,0.06732991077371052,0.05922755268259545,0.0574243511822585,0.7652528172596306,15.923962873189826,25.898172124112737,0.1664441565477549,0.3524719718659152,-0.016564840406416002,none,False,False,True,False,False
285,PT,encoding_only,72,216,0.1363859440407325,0.3065177597983658,-0.09563761554810994,0.14716273253679313,0.45507883148907313,56.968505815957315,47.80369195664685,0.5453670885964887,0.047628775247999494,-0.0012536947770405002,none,False,True,False,False,True
286,PT,delay_only,72,216,-0.04128522960163466,0.39650595352174994,-0.11827404263190797,0.2784551427720668,0.8854721803161573,57.07842827703853,67.19327183998988,0.6702492101044261,0.17585079821606112,-0.013995902473297551,none,False,True,True,True,False
287,PT,encoding_only,72,216,-0.27368187478585226,0.43734802580907495,0.13681916970357239,0.27922450365043955,0.45249678355343037,71.89756718095663,55.521776292624416,0.5290835545785225,-0.007914821943777527,0.04808321373267614,none,False,True,False,True,False
288,PT,encoding_only,72,216,-0.3554008483917188,0.34098831695941256,-0.008877652224632104,0.21447879460738573,0.4105729200568431,35.065523505181176,53.07226126032538,0.3154461164046585,0.10397230398417494,-0.17818453628222705,none,False,True,False,True,True
289,PT,encoding_only,72,216,-0.27400787091841605,0.5835179812754546,-0.3373173655013357,0.44697948267527493,0.9403057405584665,1.4244135684720811,8.949325488005316,0.265902044085873,0.24161991732366705,-0.004344498434474908,none,False,True,False,True,False
290,PT,encoding_only,72,216,-0.43713605654371473,0.30826011787333923,-0.13225018338561448,0.19408693893621884,0.42354961595790364,26.91940413450368,50.68697219505538,0.12069124907224604,0.09097560167732396,-0.01845010165607127,none,False,True,False,True,False
291,PT,encoding_only,72,216,-0.02744725250048517,0.28061241031518497,-0.004574793759079214,0.21473970334758793,0.9550984401018325,44.745468732492974,73.34698194210021,0.17006441544556392,0.002621721733917298,-0.10222857588754956,none,False,True,True,True,False
292,PT,encoding_only,72,216,-0.027782577743675627,0.549078701138509,0.1591228361192057,0.29099934973961866,0.753789010988421,60.054066617978464,37.75000637160384,0.3571327046262459,0.15349961438201795,0.14500142268149296,none,False,True,False,True,True
293,PT,encoding_only,72,216,-0.1096598671516701,0.509555042487112,0.10939302850908364,0.3193757264119723,0.7269145584054897,23.34033070041123,59.814976801977075,0.11623115878991869,0.13155138523925172,-0.12089986669948403,none,False,True,False,True,False
294,PT,encoding_only,72,216,0.12282170732450674,0.22264860524589186,0.364487954227862,0.16760729768405722,0.4473621452332537,55.45698415199307,73.35711208763603,0.3559679712660695,0.13444685658092037,-0.017489373663318916,none,False,True,False,True,True
295,PT,encoding_only,72,216,0.5733418422981897,0.4959129491654308,0.3869295321850726,0.3575375068201478,0.7849469746890853,39.72603516477591,55.4285915515535,0.5035553620349893,0.315007511323228,-0.10851756155932527,none,False,True,False,True,False
296,PT,encoding_only,72,216,-0.13675113675787304,0.13095306647497992,-0.1593883167011153,0.09910399859306986,0.9040610003658571,18.57710545408277,27.67664075162714,0.33181431509708814,-0.0034353856096789584,0.017488149547139953,none,False,True,False,True,True
297,PT,delay_only,72,216,-0.9031338104075886,1.1336890466726999,-1.1841127916775311,0.625021528162607,0.8243744464845254,45.2772088848788,36.48593847977508,0.6948020502673058,0.19577543262357475,-0.10449076335160054,none,False,True,False,True,True
298,PT,delay_only,72,216,-0.5749723357266855,0.6411917222639842,-0.1451344755034887,0.545584068242184,0.6723979569444076,17.66953564627137,70.8982126950085,0.18021068748191943,0.4627792217494907,-0.007067025267757502,none,False,True,False,True,True
299,AC,encoding_only,72,216,0.08175483738997541,0.11302140218312128,-0.1001370720286088,0.0981018966489855,0.31875921673175556,24.118717320551482,30.876145209701733,0.5331251693514196,0.5149869370409572,0.3454053707886542,none,False,False,True,False,False
301,AC,encoding_only,72,216,0.28675699834772084,0.12677183908532696,0.11833112550571505,0.08863203907477704,0.32299571645098246,43.2869504546496,35.97638579166404,0.4623416173670728,0.204206490671531,0.14244501384593897,none,False,False,False,False,False
306,AC,encoding_only,72,216,0.06829807927781632,0.09793974026071517,-0.1959336606355059,0.061671755856414434,0.02963291112244798,28.190820464135115,20.737523367492397,0.25386111463345207,-0.06735714830757918,-0.04408900573002462,facilitation,True,False,False,False,False
307,AC,encoding_only,72,216,-0.3421982123377092,0.4003120253622833,-0.4918740416886537,0.30019092742748094,0.7927809541181903,5.393213394130938,25.44053408204546,0.15056562614129246,0.3075040209146394,0.07754735166683417,none,False,False,False,True,False
308,AC,encoding_only,72,216,-0.7791276200255389,0.35776400959220284,-1.0206753923735392,0.2044876094994865,0.5562372452718523,20.0222044646196,17.309699008214277,0.790109025343428,0.35033304832621387,0.23808234463483058,none,False,False,False,False,True
311,AC,encoding_only,72,216,-0.09580690949389246,0.2470441342404669,-0.3826615003515215,0.13827367480838254,0.30429015047816005,43.31093593690135,26.829809411021316,0.15555907703946992,0.021781343087818743,0.10796587800533704,none,False,False,False,False,False
313,AC,encoding_only,72,216,-0.32908924477323276,0.5640885086162731,0.7283687871400285,0.30725241932446035,0.09115693195571806,1.0593845224794907,1.1865366571507194,0.11581504605219094,0.30871292714015747,0.13171023947380697,none,False,False,False,True,False
315,AC,encoding_only,72,216,-0.00017420146969699464,0.10655821415005988,-0.04562751118407964,0.049916255889121054,0.6685923318486419,22.671969173012247,15.875427379400527,0.28606063336968995,-0.012265403150001552,0.10899927127526877,none,False,True,False,False,False
316,AC,encoding_only,72,216,-0.1371439681614296,0.3829628484197902,-1.1427840868632924,0.23701615599386502,0.03187979946967779,1.265372262451487,10.128772959756615,0.3856248470712893,0.24091192213986687,0.05957826407427176,less_adaptation,True,False,True,False,False
317,AC,encoding_only,72,216,-0.05472549637787463,0.1875359312017691,-0.1774654105908978,0.11331878146707004,0.5844499668075187,24.187641791739836,30.0169119104755,0.5562671330124143,0.06450007416594976,0.19925966887831234,none,False,False,True,False,False
318,AC,encoding_only,72,216,-0.00011018578138539496,0.1443449443755522,-0.1273957988921629,0.10254158986486402,0.517126522768462,34.96856923632558,32.7270700610198,0.8220124264559504,0.07211343597615832,0.002034014590978731,none,False,False,True,False,False
319,AC,encoding_only,72,216,-0.3281623433341274,0.20597084275381697,-0.15944879222903577,0.09030090889550309,0.3909773571102281,22.601720511428883,29.451810972470657,0.4796601069937644,0.14998054851816772,0.07837897104377113,none,False,False,True,False,False
320,AC,encoding_only,72,216,1.4190331201402115,0.587271031674686,-0.6244320689354789,0.3244929189890884,0.0020366944593561663,1.5098630358027765,1.08934123832443,0.0005891189839248588,0.21361360803128213,0.15955066852808208,facilitation,True,False,True,False,False
321,A,distractor_resistant,72,216,0.36898292376936986,0.16450271406332656,0.1410759304460278,0.10194144562149725,0.2566528631658924,37.96308972011974,36.43496751146811,0.9102377985221481,0.16580329046815873,0.05074301745967476,none,False,True,True,True,False
322,A,distractor_resistant,72,216,0.05448857622771778,0.22256372836431873,0.08671286570112671,0.12955695145460128,0.9009153571746877,37.824104801183,59.61588809655546,0.16185878785043203,0.2960347814559782,0.024312945342735415,none,False,True,False,True,False
323,A,encoding_only,72,216,-0.15050155174189614,0.36639978258922734,-0.1681488676752752,0.20402413278544312,0.9658503675091816,25.98612421060422,51.12737026338273,0.17834621188178312,0.04636945456402014,0.06845248954757574,none,False,True,False,False,False
325,A,encoding_only,72,216,-0.08190912341763074,0.23084759851465408,0.08670865862193455,0.11969991339197825,0.49436206744090405,45.897982262785845,44.625504007949544,0.9223960254712138,-0.09171667672965272,0.005469042784005577,none,False,True,False,True,False
326,A,distractor_resistant,72,216,0.20470124967986594,0.24060938095309065,0.21882945202728774,0.1494290104941727,0.9616770345931174,33.82495359494666,69.6883406634065,0.041542727171863955,0.3488634907732147,0.007227105758703943,less_facilitation,True,True,False,True,False
327,A,encoding_only,72,216,-0.17784569864653837,0.12957409500539382,-0.186791952899878,0.09190280344150499,0.9594818132923056,29.38468574835363,30.811268183756102,0.8750612235063959,0.1450094096411694,0.09078949443313439,none,False,False,False,False,False
328,A,encoding_only,72,216,-0.4916912372624357,0.28802308442081465,-0.592118807996711,0.17619034310668602,0.7728354047444774,18.67582102504527,12.897918104544534,0.4510477589538213,0.16030291840402172,0.11602222370994084,none,False,True,False,True,True
330,A,distractor_resistant,72,216,0.2457807234550834,0.22917020240196617,-0.02272051390287341,0.11018976280810525,0.24840942631089577,39.3807895140639,33.7167701171603,0.6071075815478453,0.25914647107042527,0.2410613181744189,none,False,True,False,True,False
331,A,delay_only,72,216,0.1228603285210091,0.15801523719314328,0.0182385420756521,0.0885246694223328,0.5580565715357853,43.23318866224054,33.62764155595607,0.4075907152188507,0.06696401700043665,0.05998042392425751,none,False,True,False,True,False
332,A,distractor_resistant,72,216,0.19105044581258765,0.23718756401493185,0.20969384020322598,0.14752743841215474,0.9487760480540204,36.55024039304184,67.41700126870035,0.07260925665862741,0.35292141227094637,0.027015782495019746,none,False,True,False,True,False
334,A,distractor_resistant,72,216,0.13644113709812508,0.2254587124281104,0.11381215267014783,0.13589196459292174,0.9330147472786285,20.15483296408631,40.581818862677466,0.09502292030003301,0.3739256229400283,0.2205631699906237,none,False,True,False,True,False
335,A,encoding_only,72,216,0.204801670614766,0.30148883013043376,-0.04095704983286318,0.1656223575767087,0.4644750969655893,20.353652901792184,30.183979305749677,0.43119151268695677,0.3919749365902292,0.43801816759974854,none,False,False,False,True,True
337,A,encoding_only,72,216,0.17759177151592093,0.13663749337570388,0.03198980371796892,0.07995958522652458,0.36175068493340967,41.845710967616206,39.469085792552825,0.8087589009164046,-0.04486134090838711,-0.15627112848099584,none,False,False,False,True,False
340,A,distractor_resistant,72,216,0.31394034397872794,0.3447238099337191,0.44660280592195284,0.20851026787053378,0.7479230831402642,44.86953993434311,42.0769506826076,0.8837818590886575,0.32907875929727015,-0.0231136247013231,none,False,True,False,True,False
341,A,distractor_resistant,72,216,0.1500881530735977,0.23401427532894067,0.06849687592914144,0.1360479002333646,0.7641085664710652,37.8431162221789,56.013694454835566,0.22509937807100558,0.3034565980620841,0.060395760534916555,none,False,True,False,True,False
342,A,delay_only,72,216,0.9014769436698644,0.43498619122127874,-0.11875293158558523,0.2722356047207167,0.05720555597703944,1.5034865682799372,6.724574427290772,0.4414178332556711,0.04962458002019799,0.13231277752536627,none,False,True,False,True,False
343,A,delay_only,72,216,0.4095315376431505,0.29105035953123853,0.30087970769291467,0.15628831241398075,0.7333097680453355,30.075776845896947,50.866312091899765,0.1758244468976241,0.14523576416489786,-0.026619926429848183,none,False,True,False,True,False
345,A,distractor_resistant,72,216,0.25952400117799646,0.23507156586920333,0.054760642657265275,0.13722693839789013,0.45500942895742114,61.05848917868179,45.19868793178067,0.3091827013188976,-0.07115502335807554,0.0427328316702718,none,False,True,False,True,True
346,A,distractor_resistant,72,216,0.3277424604025409,0.2624989240696547,0.16864009018179366,0.16002022179193096,0.6149206464823103,39.30959720084228,62.46786566023025,0.19341575010697895,0.3410539292099599,0.05150478934743722,none,False,True,False,True,False
347,A,delay_only,72,216,-0.12317925689998595,0.5325205296690984,0.25903876058083963,0.31251196008873694,0.5397174068853048,10.895092056199411,20.304777586848825,0.4520516629005187,0.15345543511005647,0.10353881995541069,none,False,True,False,True,True
349,H,encoding_only,72,216,0.43679771182290067,0.28985562965979544,0.3140071677742632,0.1568722441952114,0.7006466042705082,38.23961248444113,37.69872765076937,0.972652547525499,0.017675205453015017,0.025810189958466682,none,False,False,False,False,False
350,H,delay_only,72,216,0.8188333175481263,0.4906128748555525,0.3231804139408717,0.2847818377024349,0.38427225704059853,12.409896735899606,14.245885606714607,0.8935177216634618,0.31925954664915895,0.127714259539126,none,False,True,False,True,False
351,H,encoding_only,72,216,0.1090796473896094,0.20460248687720606,-0.004627320690402113,0.11966814163498303,0.6340045262514404,43.2724359254317,43.23428171624396,0.9974266287993472,0.12360890774385418,0.22045339581601656,none,False,True,False,True,True
352,H,delay_only,72,216,-0.12341181788558646,0.24143006162291536,-0.04096078608711072,0.16351372581133466,0.7941747415701346,26.855564038090577,35.08984253743066,0.6020505577056983,0.3368230168547684,0.10648698628259272,none,False,True,True,True,False
353,H,distractor_resistant,72,216,-0.2733507342754333,0.24860280603146465,-0.11837395289589982,0.12309485259605148,0.5468837702871552,48.56095236657854,43.113208108710886,0.7262292675944912,0.07429101596083452,0.21253503255399736,none,False,True,False,True,False
354,H,encoding_only,72,216,0.09565555635300954,0.0829049972383052,0.1730862826072546,0.05726070351139834,0.48267822319777587,18.713529420584578,24.193676294575475,0.5468241331184012,0.03507770370825399,0.07638856763197512,none,False,False,False,False,False
357,SMA,encoding_only,72,216,-1.2161383458432375,0.4140748316446432,-0.205475853036016,0.2625977172931747,0.050196392647997516,2.4658608662948036,19.00873401871833,0.1530225019208341,0.18474564514146527,0.20803213721731909,none,False,False,False,False,True
359,SMA,encoding_only,72,216,-0.09565424133119474,0.10142817609209809,-0.13665132493250048,0.06257310498899239,0.739557470911889,18.55784693867513,19.883779858992394,0.8557755359078865,0.0892736624417634,0.05500136719052008,none,False,False,False,False,False
360,SMA,encoding_only,72,216,-0.437184117147347,0.3592517552901965,-0.560443052337555,0.1846661988757734,0.7466282109645118,28.435716408139257,15.171738433164752,0.23563473547845823,0.05583357788748372,0.1778271160130682,none,False,False,False,False,False
361,SMA,encoding_only,72,216,-0.45093997087160964,0.12601470055725936,-0.16858797210721035,0.0904740456545309,0.10342209626034303,7.533179444631775,15.888815922455196,0.21059419698294599,0.09713499809451888,0.20098532639717012,none,False,False,False,False,False
366,SMA,encoding_only,72,216,1.8289978241570293,1.2159316174047743,0.296663686040705,0.5836237042352214,0.21396534945068904,1.155054948605222,12.905298053707442,0.567322871246398,0.25574807819912665,0.44061263103942655,none,False,True,False,True,False
367,SMA,encoding_only,72,216,-0.10940407480558716,0.10023384162947313,-0.09557815128402108,0.05756718309023828,0.9046242453997986,15.855851255099246,18.579090359991497,0.6104654739053479,0.18246053404687398,0.1680159902420182,none,False,True,False,False,False
368,SMA,encoding_only,72,216,-0.49216409367511044,0.2751717124911819,-0.4507507584834826,0.21398913758653978,0.9183107027575707,9.306381428033442,14.91053713667701,0.48210008245797786,0.12749289137417072,0.062128800021182456,none,False,False,False,False,False
373,SMA,encoding_only,72,216,1.7757490215584655,0.44267296730619116,2.0312275807466507,0.28324321834485156,0.6446017933299116,17.151202579806395,26.925207738404612,0.5958892419137848,0.13939467000996494,0.21141455090672132,none,False,False,False,False,False
374,SMA,encoding_only,72,216,-0.23246258287508845,0.24887896647007415,-0.35520458452051823,0.1577534899487181,0.6912752257280015,28.3393986063436,22.48192649155416,0.5910405250410959,0.35749072412464045,0.02612008135360176,none,False,False,False,False,False
375,A,encoding_only,72,216,0.20486563656725812,0.1519171836489685,0.1864120048030891,0.08134288521017204,0.9115294046770284,45.94636808547271,42.298009389941164,0.7362593009486134,-0.043162831093297806,0.035266513834537376,none,False,False,False,False,False
376,A,delay_only,72,216,0.013628546944838381,0.21799793092094488,-0.2734653528871007,0.12938131057171803,0.2649514055073034,44.627731895224834,39.52616948125518,0.6883902521910621,-0.03340281800621213,0.016031620063579936,none,False,True,False,False,False
377,A,encoding_only,72,216,0.06827907866945976,0.05941564754245746,0.041009723615213586,0.04624190559448563,0.7546349471798914,15.944237253075974,19.108445978220896,0.6001502330113735,0.058515676432143296,-0.0014572614342444504,none,False,True,False,False,False
378,A,delay_only,72,216,0.32751280087422324,0.23988384225887333,0.46035726086637224,0.17254996926226335,0.6871323173745989,25.870467573068943,48.21840920420135,0.18169511466045687,0.05418797284523783,-0.04619877203454218,none,False,True,False,True,False
380,A,encoding_only,72,216,0.6008556877760033,0.3018483088753379,-0.059639772594475726,0.16790497194609172,0.05236030419485561,51.925188664720736,28.504016762760084,0.152279528845213,0.09617739921333021,-0.039196579541699327,none,False,False,False,True,False
381,A,encoding_only,72,216,0.1776567961026856,0.0898588837826889,0.05911865708440773,0.05595598842330968,0.2818700880267364,30.938064695299254,27.242349032343682,0.63753578252866,0.028099735782192346,-0.0594548190533062,none,False,False,False,True,False
382,A,encoding_only,72,216,-0.46475548966057023,0.2285711641390487,-0.2368391186438719,0.13446506003800654,0.3952627655254666,33.59781444552559,34.622006098816286,0.9250692251308741,-0.07270768190619567,-0.12125699668979893,none,False,True,True,True,True
383,A,delay_only,72,216,-0.1503539298339735,0.2257527396402139,0.15458071468832826,0.10379758105862995,0.17057212673944097,36.4086258682207,43.229527306275486,0.5800269852479654,0.14921236184595385,0.1232826486169266,none,False,True,True,True,False
384,A,encoding_only,72,216,0.19086309236884297,0.29353477056546623,-0.06336240222274235,0.19359197822328325,0.49926027777941184,32.67958566331937,29.446335166191066,0.83324588754942,0.2650362397258204,0.07139561370656598,none,False,True,False,False,False
387,A,encoding_only,72,216,0.04089050790345236,0.09618681720383879,0.0593814178491885,0.06930308803992764,0.8889486168062164,24.078730512822165,29.54613508647086,0.5357281903225788,0.20669722746276917,0.006273532718821985,none,False,False,False,True,False
388,A,encoding_only,72,216,0.15022570083276351,0.13575190101718426,0.15478511647199977,0.06871007420996719,0.9744912895862493,44.50973341637368,36.82490612619116,0.4520442724865438,-0.07008830277354273,0.01155967357511015,none,False,False,False,False,False
389,A,delay_only,72,216,0.46396151240456274,0.3862020912643352,0.255225963490269,0.19876311907301797,0.6111371504480938,8.283362674472574,9.157959504674231,0.8966179753814001,0.007589721536413534,0.16591064328630828,none,False,True,False,True,False
392,A,encoding_only,72,216,-0.27341413887061666,0.1471954887937323,-0.03184796634328288,0.07811380755678608,0.13159632878829564,26.6361504402202,31.78174018822858,0.5734339349765641,0.25748377607655737,0.10240418134774217,none,False,True,False,True,False
396,H,encoding_only,72,216,0.09568072716901457,0.0757453827952809,0.0911141507229121,0.039320621604054404,0.9550367123707337,21.412375017064832,14.632117569460494,0.31956384578159763,-0.12551599365715638,0.01352282057378694,none,False,False,False,False,False
397,H,encoding_only,72,216,0.3961810706429797,0.20830275455247818,0.08662737309480002,0.10619606465774199,0.15995128030818553,67.83537732368528,41.85386217453642,0.06860475416201699,-0.0526954437454428,-0.006246989452161667,none,False,True,False,True,False
398,H,encoding_only,72,216,0.05467155677644612,0.16838033552948908,0.15483447645381113,0.1366559558376242,0.6959035105151431,29.65815804659999,57.77617228042372,0.11096003485293716,0.128326116986434,-0.0696939031048352,none,False,True,False,True,False
399,OFC,encoding_only,72,216,-0.2323772796202891,0.12976989940017106,0.018211829728352454,0.06830919837266736,0.07456267052007579,23.933315307852954,28.580310136767416,0.6057557493984709,-0.06763545540462497,-0.04634638649063684,none,False,False,False,True,False
400,OFC,encoding_only,72,216,0.5321432068455292,0.3649967651272159,0.227886319446524,0.18954546375727133,0.4359964336120491,72.27609024995643,62.98900362778066,0.6740232504626721,0.25920306760214334,0.19971304104492912,none,False,True,False,True,False
401,OFC,delay_only,72,216,1.0649384697864859,0.3927472660564825,0.5510893706199641,0.2543151794148717,0.30061476983578317,68.36436113005631,31.614169309410904,0.02569842330840984,0.3263877337985363,0.19578553527053166,facilitation,True,True,False,True,True
402,OFC,delay_only,72,216,-0.08229490453515481,0.46555506846126515,1.2340267415927917,0.31111446476413684,0.02967061429564945,4.198901409188053,43.811825881344504,0.06311222938244286,0.2732735734237355,-0.017730264129401815,adaptation,True,True,False,False,False
404,OFC,encoding_only,72,216,0.013640003259284696,0.10387991326087669,-0.0729593223554086,0.06753889794975779,0.5106658935031333,30.797717841057686,25.82027168398766,0.4948439649353422,0.10711921829701831,0.09474478184455476,none,False,False,True,False,False
405,OFC,encoding_only,72,216,0.1908796413906815,0.2988017647768921,-0.4646327237793607,0.16614249593367703,0.05169040316808001,28.58784539828453,27.405316331978238,0.9252136440102408,0.10941418739236905,0.046151265755893456,none,False,False,False,False,False
406,OFC,encoding_only,72,216,-0.1229471686835053,0.05480626170950045,-0.03642230126913346,0.02313799308879081,0.0910573341884244,2.2702144176365633,4.127565525041329,0.4005851238717667,0.12724956854889694,0.09938609425124666,none,False,False,False,False,False
409,OFC,encoding_only,72,216,-0.3008331052923293,0.2890651974650288,-0.3870058370257542,0.17003998589299757,0.7992525438970894,3.978007857211676,12.056954391516793,0.17850973494355873,0.06998233123112643,0.20455962913070036,none,False,False,False,True,False
411,OFC,encoding_only,72,216,-0.342185716235506,0.46195687915463685,-0.13237136728924245,0.29303293970539424,0.7147235695631227,7.8967633725056094,14.90961958953516,0.4382284905413323,0.3566076753210594,0.47788080204761135,none,False,False,True,False,False
414,OFC,encoding_only,72,216,0.13648585286641218,0.3321153991397614,0.1461808364605217,0.2235805847303942,0.9821205383001028,17.694093065584095,31.001757774981375,0.3946492017679877,0.05126232193340307,-0.033824206000106785,none,False,True,False,True,False
415,OFC,encoding_only,72,216,-0.2184309807831517,0.23040038897259973,-0.2318158126421509,0.1678815428947539,0.9666524223689147,45.94686905970016,56.37383457964592,0.5124981603670532,0.12928700146339772,-0.03404177973694548,none,False,False,False,False,True
416,OFC,encoding_only,72,216,-0.06848884188040022,0.2907321101015081,-0.4737514805448608,0.17997251145290785,0.25335628257079085,5.411776087700201,5.183092042476762,0.9706440598163175,0.14394470234488713,0.12315018901442881,none,False,False,False,True,False
418,PT,encoding_only,72,216,0.054585169498665646,0.14547454450433947,0.013685356795084279,0.08956246465505588,0.8168380933112158,29.504083879886682,38.621248248821956,0.3783286477133735,0.2705013186705428,-0.05116348636651189,none,False,True,False,True,False
419,AC,encoding_only,72,216,-3.4698056398708275,0.5955531679498255,-2.423027441066458,0.36564854282661274,0.14748305437053413,7.259566489886073,20.273786243088423,0.17415450437614277,0.11947344063456966,-0.050385325104225234,none,False,False,False,False,False
420,AC,encoding_only,72,216,-0.38249561245376384,0.1160096687888913,-0.2869502369019354,0.0665656147184668,0.47422236504784354,8.936779275195594,9.856338256482495,0.8540366607729228,-0.13591554051996196,0.13007996516256784,none,False,False,False,False,False
421,AC,encoding_only,72,216,-1.2294601564448366,0.26294374380727265,-1.3573520496557048,0.16962772811085522,0.6993015274922451,12.920485637669806,10.185863382247554,0.7612184914116182,0.2885093899919639,0.2180384205455928,none,False,False,False,False,False
422,AC,encoding_only,72,216,-0.7378497244013213,0.15165693726094157,-0.6513169800583921,0.10025110984213985,0.656746152345733,6.0469650981106104,19.241576082116953,0.0790127925021168,0.19596083601747105,0.07342678580360547,none,False,False,False,False,False
423,AC,encoding_only,72,216,-0.1503231898529917,0.05021824621845346,-0.19586628388935765,0.04529376047456714,0.5867267609373366,2.214026786533057,8.521524786972813,0.06665999791648944,-0.04844866151846327,-0.09247616911423658,none,False,False,False,False,False
424,AC,encoding_only,72,216,-0.09555768308706794,0.08516829041204899,-0.1366511877673259,0.04827557575347645,0.6721413503364104,14.468764391873732,13.080405897370065,0.7970115753980497,-0.004385418463280888,0.009756201719890372,none,False,False,False,False,False
425,AC,encoding_only,72,216,-2.4184069974321756,0.37370165381239523,-2.327398597885503,0.22467809099572358,0.8380955522421737,10.046433652729604,7.434756128577659,0.7133737262143625,-0.09816417050052108,0.037494656361304016,none,False,False,False,False,False
426,AC,encoding_only,72,216,-0.6827844307702701,0.26431314947847623,-0.35531964676057803,0.1378466286281094,0.24869908825733394,13.00425567639882,20.785096025019286,0.45555981875729834,0.04914196752196225,0.05754655404111884,none,False,False,False,True,False
427,AC,encoding_only,72,216,-3.525462161548335,0.499406294869636,-3.251969496120922,0.333467886876138,0.6722072703341224,7.362269881670926,2.947302651226198,0.25234596907755313,-0.004527282955099085,0.018162340718510982,none,False,False,False,False,False
428,AC,encoding_only,72,216,-0.8468782014791747,0.22380679615292573,-0.6512354515370037,0.10473516344388929,0.3802616949427401,4.765837129419233,11.989651374165456,0.2445516854656529,0.17066276042332076,0.0922718555526773,none,False,False,False,False,False
429,A,encoding_only,72,216,-0.20496196138917114,0.08011119683633704,-0.20048062598861593,0.06908461391372442,0.9721736044071245,6.255765127611593,12.182607412201556,0.38470762990328156,0.2907091239271843,0.13405070100703664,none,False,False,True,False,False
430,A,encoding_only,72,216,0.08202728760715985,0.06670811404832318,0.03643464700994319,0.045581654341743015,0.6042424223281977,14.61725017689352,11.870369748001004,0.6741705678727363,0.16321683804998435,0.5229257186671733,none,False,True,False,False,False
431,A,encoding_only,72,216,-0.08198909376301965,0.0505645177402388,-2.7156880815670803e-05,0.043302270447588706,0.30962672123078827,3.650687800040575,9.583682837341867,0.2326982094193808,-0.047806955350887845,0.37483715748409896,none,False,False,True,False,False
433,A,encoding_only,72,216,-0.10929039895779367,0.10933975563765075,-0.13220393473355527,0.06909721211804053,0.8656664896446296,18.589843970184084,14.04849370004063,0.4802636694990535,0.021203033383329635,0.19036721107472618,none,False,False,False,False,False
435,A,encoding_only,72,216,-0.24586483151544447,0.10790856248628032,-0.1958450597825673,0.07991098817732871,0.7420807526458473,7.647045213059717,13.152606169184605,0.3868033479052423,0.36441969366431254,0.291042759830556,none,False,False,False,False,False
436,A,encoding_only,72,216,-0.4237858601887704,0.2838021275842332,-0.5648708017811677,0.18534648568361495,0.6958233448835256,3.8058084317899565,18.05656829408179,0.14175824255665728,0.4146990973120815,0.4347844511915239,none,False,False,False,False,False
438,A,encoding_only,72,216,-0.23225439988669455,0.10742418072266016,-0.23232113097747817,0.07759318973073784,0.9996407232582531,15.755286707676627,16.238014674925065,0.9514622588721011,0.04165095980107304,0.09668560298215524,none,False,True,False,False,False
439,A,encoding_only,72,216,-0.08195906592543012,0.10963588853129198,-0.19589658444925964,0.07753202572994151,0.44358380159082966,13.17552582813536,9.983998727929668,0.5907695328640369,0.4315877648388415,0.34455374235113345,none,False,False,False,False,False
440,H,encoding_only,72,216,-0.38262745800480447,0.11604304961634745,-0.2413795342310694,0.05000107149394524,0.19783203313636386,6.197908194568269,6.254620288296714,0.9869651612772197,0.02586589704134945,0.07869538272867609,none,False,False,False,False,False
441,H,encoding_only,72,216,-0.10929508450814066,0.11269166092174394,0.013704293506181709,0.09164113143216124,0.474169962208124,9.126871450533157,21.862679922651157,0.31342612432084443,0.028016908686691013,0.05381009337587805,none,False,False,False,False,True
442,H,encoding_only,72,216,-0.3278658123968452,0.11177370048008375,-0.3461106678961366,0.06759279045212423,0.8915465528424773,11.660190498625386,12.072331594525183,0.9303609801046934,0.13978945480073868,0.004229084944719218,none,False,False,False,False,False
443,H,encoding_only,72,216,-1.4347330476264162,0.2695224352710952,-1.3481836233800755,0.19216892392588636,0.8140051407197049,6.114773145414619,10.302781277086572,0.45909717796510285,0.2630814837151004,0.051899330011759955,none,False,False,False,False,False
445,SMA,encoding_only,72,216,-0.28700318431912497,0.10735273909383244,-0.16845907441108293,0.052581019568155966,0.28264850605691144,17.030116349555634,13.96563896164364,0.6096247532229195,-0.14865226281646093,0.011389543483125961,none,False,False,False,False,False
446,SMA,encoding_only,72,216,-0.5193036950384963,0.13616152839252624,-0.4326255806036728,0.10300647284394164,0.6570866105015898,14.252739346348287,23.8794883152146,0.308309635141539,0.17023325767310446,-0.013250226093668124,none,False,False,False,False,False
447,SMA,encoding_only,72,216,-0.42353864200098923,0.1694485128463882,-0.6376278123326363,0.08935712913618152,0.24319568182021822,14.363598071573954,13.338278586432713,0.8665403633567813,-0.009796634469880548,0.0009179517757130928,none,False,False,True,True,False
448,SMA,encoding_only,72,216,-0.24596231788228598,0.07472734974104471,-0.06374805491486929,0.050644636700709664,0.06341522580415504,7.556787629302284,18.564032636365646,0.04746031059353511,0.07887579642205875,-0.012992055739781969,adaptation,True,False,False,False,False
449,SMA,encoding_only,72,216,-0.12300455563998172,0.12600694450000405,-0.49180982381527066,0.09106960642763348,0.034661213686394125,21.274341908490886,17.495644246382614,0.5959694413304808,0.09949403774483177,0.10024515783090487,less_adaptation,True,False,False,False,False
450,SMA,encoding_only,72,216,-0.4645397790728754,0.1047428548775718,-0.1412000630359228,0.06267793406186964,0.009756743063674496,11.464273194079311,18.97702111964077,0.23631289318422607,-0.05891729366329217,0.02449492524156585,adaptation,True,False,False,False,False
451,SMA,encoding_only,72,216,-0.7648409147525158,0.2690591447520707,-0.692233445843859,0.152710357722568,0.8130509192662967,30.72522130458595,35.27324436246594,0.7330518473906857,-0.15663972103521215,-0.0700369767994515,none,False,False,False,False,False
452,SMA,encoding_only,72,216,-0.7241401415802217,0.22946509952161107,-0.3598371762219083,0.14249090896972474,0.19450904693034815,17.085213880119166,24.939384294122988,0.4679973860849952,-0.06744863592904134,0.06277270834389341,none,False,False,False,False,False
453,SMA,encoding_only,72,216,-6.763841115275204,0.9511395985174554,-5.619586977973826,0.560963353502152,0.30612466030576163,0.4912414683120385,0.6254093031747643,0.2000614435042701,0.24922428251018688,0.2882127871996012,none,False,False,False,False,False
454,SMA,encoding_only,72,216,-0.36907682369357286,0.12825967049790316,-0.21400070959051232,0.07916698940888703,0.32058062143678195,18.41436084280427,20.30573789206203,0.8242194450421396,0.10146268948705661,0.1407693323924387,none,False,False,False,False,False
455,SMA,encoding_only,72,216,-0.25961486963589603,0.08701370339685195,-0.07736969478995383,0.05034679374437245,0.07120943307748158,6.22100621594754,16.297726329156205,0.06320478712158485,0.21424056327815116,0.009632096973860983,none,False,False,False,False,False
456,SMA,encoding_only,72,216,-1.4620736061723068,0.25514238853084076,-1.2069992109778982,0.13708766636793004,0.3620253822958066,10.0283787469671,10.102656149273763,0.9924226558823002,0.2690758320756113,0.07820039467771737,none,False,False,False,False,False
457,SMA,encoding_only,72,216,-0.32809686987382175,0.21402225564714566,-0.355182119044484,0.09829893713308105,0.8976015992023438,34.87281552903757,23.47944004631267,0.23950162529051072,-0.09411890301695852,0.014094715499211525,none,False,False,False,False,False
458,SMA,encoding_only,72,216,-0.06840309019825534,0.06553391934159761,-0.10473453120613943,0.037792979425518715,0.6312193833272706,6.4044943599722375,7.238839082669894,0.8179094899586252,0.13341322482852336,-0.02965340253440219,none,False,False,False,False,False
459,SMA,encoding_only,72,216,-1.011139066075474,0.19358516931764694,-0.6056228251659698,0.10497901866063857,0.058414169070291136,6.04371265420918,14.794763172294529,0.17006075787935332,0.013840724240598562,0.14310249323382856,none,False,False,False,False,False
461,SMA,encoding_only,72,216,-1.1203561949903889,0.2836356591371789,-0.5919932766463768,0.11742285054153984,0.04381222488003571,23.679208296684838,24.30395604721025,0.9450936413321859,-0.02368315388270887,0.03453205624722326,adaptation,True,False,False,False,False
462,SMA,encoding_only,72,216,-0.17775063266000657,0.12044121411412548,-0.20487947755026556,0.07325187792301563,0.8514093137748662,22.586023701986946,16.71030310292631,0.39529191568035627,0.020769875983621237,0.14730039406063464,none,False,False,False,False,False
463,SMA,encoding_only,72,216,-0.109252219316064,0.08381067425910395,-0.08651686527478475,0.039092590097083525,0.7848217874146862,13.106016632860978,10.396746512786022,0.5738526484325477,-0.05161767709536148,0.11793135489638248,none,False,False,False,False,False
464,SMA,encoding_only,72,216,-0.7653735304088927,0.19280449756249776,-0.42810298118346624,0.11827115702896142,0.14913759415394914,14.295509705730321,20.80897031357368,0.4373154507733822,0.17235238907421077,0.09336773134484457,none,False,False,False,True,False
465,A,encoding_only,72,216,-1.2710340135149296,0.342303414266785,-0.6329074502306027,0.17374839275259849,0.07731914570887656,13.032966998452647,5.412078206237344,0.23526012745072947,0.4495282382047012,0.3463040812241173,none,False,False,False,False,False
466,A,encoding_only,72,216,-0.40995999696368596,0.16713831527134487,-0.07736833260773236,0.05730922939798388,0.016802242464458852,14.393225570912781,18.134981975169463,0.5782147640506925,0.07013900375697835,0.12966478797528666,adaptation,True,False,False,False,False
467,A,encoding_only,72,216,-0.3690956691076552,0.28225816391104364,-1.184070723318374,0.18885511659031554,0.026556212658478375,26.811136063469384,16.61478681928491,0.421150586035567,0.26989885854163703,0.16249989686446994,less_adaptation,True,True,True,True,False
468,A,encoding_only,72,216,-0.5738905945606675,0.16820622149611958,-0.3552443823469806,0.11105753437733729,0.3112192141722565,11.610750636998501,26.197968607944546,0.15242981691844062,0.0358980856030787,-0.01399299046113996,none,False,True,False,True,False
469,A,encoding_only,72,216,-0.39634487493099757,0.2534650578493065,-0.2867404494735044,0.11088915059989686,0.6500525455354706,33.491840878197934,23.08077934604001,0.3651308140392667,-0.04676656879825229,0.11979007439066088,none,False,False,False,False,False
470,A,encoding_only,72,216,-0.39621374019743727,0.1747586017655652,-0.23676213051956302,0.09302142458716091,0.40223259029995395,25.26442649470301,21.718693915910507,0.7052703750100171,0.01911471961483683,0.23498355804928647,none,False,True,False,False,False
471,A,encoding_only,72,216,0.04088915601629087,0.10556153200083099,-0.1138132646428727,0.05702950453636801,0.18358163247821951,20.014939937978795,14.035215124385273,0.4377541422102431,-0.08419496791903351,0.010738777173114921,none,False,True,True,False,False
472,A,encoding_only,72,216,-0.6151948987474023,0.27278055380138244,-0.3504107055951867,0.1301583827992423,0.3362653427814809,14.43892688069391,30.39259248887719,0.13682172966348807,0.3270137505030577,0.29935230334656787,none,False,False,False,False,False
473,H,encoding_only,72,216,-7.393469852781449,1.4008252391349736,-5.902407894078742,0.8738677958589118,0.38571351456318215,0.583687054941039,0.7517607454547955,0.1586423245970668,0.2837086543110237,0.10669402339590307,none,False,False,False,False,False
475,H,encoding_only,72,216,-0.49193282684546585,0.17731544164636115,-0.06377439611328298,0.06847441077165078,0.006626281529512571,10.306033773870919,17.717609060357763,0.3221197121935594,0.0937159081591621,0.35376344638412016,adaptation,True,False,False,False,False
476,OFC,encoding_only,72,216,-0.8470443097953079,0.26268813461187407,-0.6238816601443846,0.14551239881195788,0.4486390140402896,19.839380192975757,20.362698181343223,0.9545060198771971,-0.1574335585623148,-0.022024904733283092,none,False,False,False,False,False
477,OFC,encoding_only,72,216,-1.5307513493340232,0.45426226522217034,-0.7469013932882254,0.22488983303027751,0.09606921932830713,42.95368825607228,38.62074929508065,0.8249422492092723,0.04479835301176938,0.041746858766293235,none,False,True,False,False,False
478,OFC,encoding_only,72,216,-3.485116864714202,0.6742646457828491,-2.190614367706356,0.44529273623983556,0.13522728336664766,0.6640065122249824,0.8338621103165299,0.24738612524918804,0.3224152851999121,0.11071782448463063,none,False,False,False,False,False
479,OFC,encoding_only,72,216,-0.46488454652216027,0.2261235499122612,-0.5647698941147051,0.11500942571534932,0.675177657234088,15.826823848285686,18.903280484490445,0.7529495436355296,0.1579660169647133,0.12650080312053189,none,False,False,False,False,False
480,OFC,delay_only,72,216,-0.08197814607969103,0.16934909061077877,-0.040981934476557944,0.10027424031145912,0.8371858572014033,33.54246235530009,30.888008721744697,0.8366585853479722,-0.14125968678401044,0.18697651957854242,none,False,True,False,False,False
481,OFC,encoding_only,72,216,0.34134411767388256,0.1120195042198214,0.20496943241574675,0.05509926981569893,0.23767504421099248,36.51728392861691,26.46728858848157,0.32256833450390354,0.5715683220434548,0.08402060511379833,none,False,True,True,False,False
483,OFC,encoding_only,72,216,-0.4511071646312981,0.18657812116663436,-0.41895308612504584,0.1347004570593279,0.9005467154559632,25.26958978447921,27.629264093767304,0.8351175774896302,0.07764017304585766,-0.023109141938416344,none,False,False,False,False,False
484,OFC,encoding_only,72,216,-0.9288386961300592,0.2094276867308867,-0.8654103229255073,0.11208577439823264,0.7816998713840142,15.614243038294331,15.601129138582321,0.9987149108018615,-0.1273418131449831,0.053865050869924345,none,False,False,False,False,False
485,OFC,encoding_only,72,216,-0.4236776523522435,0.1614435647972884,-0.5099762801230849,0.09935744016126845,0.6596211027675718,15.790729271735826,23.40380041373102,0.3468073013120764,0.014842022326258239,0.0437278226422464,none,False,False,False,False,False
486,OFC,encoding_only,72,216,-2.104826838723856,0.43400001411924904,-2.062969379458389,0.24830386244891575,0.9330392718269781,0.629978055196644,2.0587439489398958,0.5479646987341402,0.5151426508185222,0.40285484561075974,none,False,False,False,False,False
487,OFC,encoding_only,72,216,-1.0526336898886635,0.26208102065363453,-0.8197727755021054,0.13949473245550756,0.4146420020770778,18.3756256641693,10.74991949421983,0.40003673143966034,0.2066594183214473,0.15273951700835112,none,False,False,False,False,False
488,OFC,encoding_only,72,216,-0.7105732192232147,0.14457745104301065,-0.5237496600882049,0.07929204503308823,0.2459766516537603,8.761317443319287,10.200779555362296,0.7944287854915686,-0.00611797845081701,0.07077899716178247,none,False,True,False,False,False
489,OFC,encoding_only,72,216,-1.0250255143407156,0.1679370445683905,-0.6103268785617679,0.11206658003802036,0.05702551042729141,5.97296117613695,18.86978634041915,0.14883945127099607,0.38397825561282045,0.05510319316192084,none,False,False,False,True,False
